full_text,predicted_insurance_labels,true_labels
Texas Industrial Specialties Inc company base Deer Park Texas United States operate field tool rental service industrial equipment supply pneumatic tool supply tool repair testing equipment industrial equipment supplier hydrostatic pumps manufacturer pressure gauges rental chain hoist certification pneumatic tools manufacturer industrial supplies tool and equipment rental services industry tool rentals quick turnaround repair service mill supplies safety supplies provider tool repair services manufacturing pumps  hydraulics manufacturing measuring dispensing and other pumping equipment manufacturing,['testing and inspection services'],"['industrial machinery installation', 'project management services']"
company business analyst English translator background apply economic strong interest long term perspective lead completion master course global economic history phd economic history international economic history economic analysis applied economist longterm perspective anthropometric history historical demography research loss of human capital services research institutes research and development in the physical engineering and life sciences except nanotechnology and biotechnology,['human resources services'],"['market research services', 'data analysis services', 'consulting services']"
company specialize production nonwoven fabric include melt blow nonwove fabric 3d respirator moulding presur respirator fold respirator offer range non woven product operation gown protection suit round hat shoe cover respiratory masks manufacturer surgical gowns manufacturer nonferrous products manufacturer hats manufacturer manufacturing shoe covers manufacturer folding respirator manufacturer protective suits manufacturer mask and nonwove production manufacturing fabricbased home goods nonwoven fabric mills,['textile manufacturing services'],['textile manufacturing services']
Mes Teknik industrial kitchen service company provide repair maintenance replacement part service 20 year specialize repair maintain industrial kitchen product refrigeration air conditioning related equipment service include replacement part warranty replacement maintenance repair climate control Mes Teknik provide site service customer require assistance kitchen equipment industry solutions industrial kitchen equipment maintenance and repair air conditioning and refrigeration services management consulting services industrial consulting services spare parts guarantee maintenance services services appliance repair  maintenance commercial and industrial machinery and equipment except automotive and electronic repair and maintenance,"['food processing services', 'consulting services', 'industrial machinery installation']","['hvac installation and service', 'project management services']"
Uparta Capital Moscow base investment firm found Alexander Urabi Elena Kurochina company involve marketing large scale people event investment opportunity business directory listings business listings platform business listings on russianspeaking mosques services debt collection agencies collection agencies,"['rendering services', 'event planning services']","['marketing services', 'financial services', 'consulting services']"
Jiangsu Jiyang Automotive Parts Manufacture Co Ltd professional manufacturer specialize research development production sale automotive drivetrain hydraulic transfer system automotive electric vacuum pump company offer range product include hydraulic pump hydraulic cylinder hydraulic lock automotive industry subsidiary Huanghui Group know expertise automotive accessory automotive part manufacturing research and development hydraulics and pneumatics vacuum pumps manufacturer hydraulic pumps automotive parts manufacturing auto parts manufacturers motor vehicle transmission and power train parts manufacturing,['accessory manufacturing'],"['industrial machinery installation', 'accessory manufacturing']"
sail Shoestring company specialize story photography relate sailing Canada west coast company run Liam sailor adventurer photographer  services boat tours  cruises deep sea passenger transportation,"['rendering services', 'travel services', 'seo services']","['travel services', 'content creation services']"
New Green Food Processing Supply Co Ltd lead company long tradition field school boarding specialize supply food boarding meal preschool Nam Định Province province company understand importance provide nutritious safe food student good health learning physical intellectual development work closely school directorate provide high quality product service meet increasingly stringent requirement Vsattp Vehicle Safety Test Test New Green impact include invest kitchen infrastructure accord closed loop way standard equip student tool utensil purchase product liability insurance factory supply vegetable fruit clean egg Vsatttp meat school company commit meet need customer  manufacturing fruit  vegetable  markets  stores specialty canning,"['food processing services', 'canning services', 'food safety services']","['food processing services', 'canning services']"
Gaiapack Srl company base Republic San Marino specialize flexible packaging processing plastic material PVC TNT PP PPL PE PET offer cut plastic reel food non food product include bakery product confectionery dry pasta coffee company important operational structure specific equipment modern mean transportation equip high technical instrument resource staff 25 specialized unit Gaiapak prioritize hygiene food safety product certify plant accord scheme plastic reels for food unlaminated plastics film and sheet manufacturing plastic fabrication hygiene bags food packaging manufacturer sheet manufacturing f certified process plants design lines on envelopes flexible packaging solutions manufacturing packing  crating plastics bottle manufacturing,"['plastic manufacturing', 'food processing services', 'food safety services']",['plastic manufacturing']
LIU LAW PLLC law firm found Jin H Liu corporate attorney extensive experience corporate matter merger acquisition joint venture partnership structure corporate governance compliance matter operating agreement shareholder agreement employment contract finance document licensing agreement marketing agreement day day operational matter firm offer real estate center legal service include commercial residential real estate transaction leasing daytoday operational matters drafting employment contracts business structures and joint ventures operating agreements mergers and acquisition corning marketing agreements preparation shareholder agreement drafting financing document negotiation commercial and leasing real estate and legal services corporate governance  compliance services title abstract  settlement offices title abstract and settlement offices,"['real estate services', 'legal services', 'compliance services']","['legal services', 'consulting services']"
Delta Botanik international trading company base Istanbul Turkey specialize trade natural rubber copra palm oil cocoa coffee tropical fruit plant juice spice similar food product focus human health environmentally friendly option trade high energy source charcoal sawdust plywood furniture industry inorganic fertilizer farmer team experienced professional Delta Botanic source product need continue expand international trade successfully export product european african turkish country Mersin Turkey open expand coffee products palm oil organic fertilisers international trade facilitation services visible plywood products photo paper products cocoa products spice products highenergy welded timber products inorganic fertilizers tea and plantbased products tropical fruits wholesale chemicals other farm product raw material merchant wholesalers,"['rendering services', 'environmental health services', 'coffee processing services']","['chemical manufacturing', 'food processing services', 'business development services']"
Mari oasis Black Woman own company base Detroit Michigan specialize craft luxury self care product natural organic ingredient know beneficial skin product include hand pour wooden wick soy candle clay infuse handmade soap body oil product handmade small batch ensure quality available wholesale purchasing Mari ozone offer private Label opportunity interested brand line wholesale clayinfused handmade soaps body care products oils  butters luxury wooden wick soy candles body oils body fluff wax candles retailing wholesale gift shops wholesale trade agents and brokers,"['non-profit management', 'soap production services', 'wood product manufacturing']","['cosmetic manufacturing', 'soap production services']"
Energy Notes company focus energy policy role achieve low carbon economy company examine energy policy effectively address old issue new problem successfully address past explore potential role electricity sector achieve goal address new issue planning permit smart meter energy efficiency measure carbon market technology policy security supply quality service investment level permit planning investment levels smart metering energy policy consulting carbon markets technology policy supply security wholesale utility companies fossil fuel electric power generation,['technology consulting'],"['management consulting', 'technology consulting']"
HG Drywall Painting LLC drywall contractor base Milwaukee Wisconsin offer range service include drywall installation repair finishing interior exterior painting residential commercial property team professional experience dedicate provide complete transparency customer satisfaction specialize drywall repair installation texture service commercial residential property construction services house painting services demolition services remodeling services texture services drywall installation services taping services services drywall  insulation contractors drywall and insulation contractors,"['drywall services', 'painting services', 'commercial construction services']","['drywall services', 'painting services']"
株式企社西日本企業熊本 japanese company specialize construction service include foundation construction site work superpoint construction Casing Construction Law offer sale construction material company foundation call Foundation Future aim contribute future planet construction project management construction services super pipe systems construction materials supplier superpipeline construction services services concrete work structural steel and precast concrete contractors,"['project management services', 'pipeline construction services', 'precast concrete installation']","['commercial construction services', 'project management services']"
Roman Roland Home Textile chinese company specialize eco friendly home textile production company Lixin Group diversified group enterprise textile main business Roman Roland LIXing Group total asset billion yuan major rd basis manufacture textile Suzhou Taizhou Roman Roland brand originate Paris capital fashion integrate modern fashion cultural element traditional chinese silk weaving process create eco creative home textile brand brand offer high quality brand fabric fashion woman apparel home textile ODM service China textile industry fashion accessories creative products and gifts hotel textiles womens fashion home textiles odm services fabric dyeing ecofriendly textile products highquality fabrics research into new outdoor materials manufacturing fabricbased home goods broadwoven fabric mills,"['textile manufacturing services', 'stakeholder services', 'rendering services']",['textile manufacturing services']
Hudbay mining company specialize acquisition exploration development distribution copper zinc property copper mining equipment manufacturer community relations services longterm growth strategy health and safety support miningfriendly regions mining company copper and zinc distribution mining and quarrying digital technologies integration lowcost longlife cashgenerating mines valuable metals diverse workforce financials and reports inclusive and diverse mining workforce sustainability reporting sustainability commitment in mining merit and achievement programs mining company growth responsible mining supply chain management services manufacturing mining  gas exploration copper nickel lead and zinc mining,"['corporate responsibility services', 'stakeholder services', 'community engagement services']","['business development services', 'management consulting']"
eFerros de Passar Vapor Steamer Profissional Vaporizador Industrial brazilian company specialize high performance industrial steam steamer vaporizer company found early 1990 young entrepreneur recognize lack quality option industry begin offer maintenance service professional industrial laundry equipment São Paulo year company pioneer e commerce industry offer wide range product include steamer steamer vaporizer part clothing product know high performance durability focus achieve perfect alignment clothing roof and iron parts continental parts manufacturing clothing manufacturer jolly juicer parts passivate iron manufacturer retail professional parts for industrial vaporizers equipment steamer vaporizer manufacturing manufacturing industrial air solutions industrial and commercial fan and blower and air purification equipment manufacturing,"['seo services', 'steam services', 'well maintenance services']","['steam services', 'industrial machinery installation']"
ceremony Joi company specialize provide service individual couple family navigate life sacred moment decade experience company offer counseling assistance write wedding vow baptize child assist family say goodbye facilitate spiritual retreat founder ordain minister Master Divinity Duke University Divinity School work people faith tradition design ceremony well fit personal need ceremony place setting include church local venue private setting wedding vow writing counseling services goodbyes assistance ordained minister services baptizing babies spiritual retreats services funeral services  cemeteries all other personal services,"['rendering services', 'well maintenance services', 'stakeholder services']",['event planning services']
Action Products american company specialize automotive detail product soap wax degreaser tire dressing product formulate protect value toy harsh dirt gentle vehicle brand build professional detailer detailer offer range product include Jade Ceramic Emerald Quartz Pro Glass Cleaner Strawberry Marg Cool Mint Detailer 16 oz combo automotive degreasers automotive accessories wholesaler ceramic jade glass cleaners tire dressing strawberry marg  cool mint detailer motor vehicle supplies automotive waxes 16 fl oz combo automotive detailing services foam cannon wheelchair accessible entrance manufacturing cleaning equipment  supplies polish and other sanitation good manufacturing,"['well maintenance services', 'building cleaning services', 'branding services']",['chemical manufacturing']
Modelando Mi Mundo pastry shop locate Recoleta Argentina specialize artisanal sweet bread pastry chocolate offer variety product pastry buttercream buttercream cream milk fondant chocolate offer range chocolate product include chocolate tablet jar box ganache chocolate ganachos bombone addition pastry product Modelando mi Mundo provide decoration cake include special occasion wedding event artisanal sweet bread creme de mascot production buttercream production glass boxes manufacturing chocolate tablets producer milkbased sweets production decorated cakes production ganache de chocolate production french macaron production retail bakeries  desserts confectionery and nut retailers,"['confectionery manufacturing', 'arts services', 'rendering services']","['bakery production services', 'confectionery manufacturing']"
West Penetone Canada world leader development cleaning sanitation product environmentally friendly company know innovative chemical technology cutting edge expertise earn respect industry establishment Canada West Penetone commit provide chemical disinfectant cleaner meet high government standard sanitary condition constant evolution industry operate motivate company invest research development develop solution greener safe economical manufacture facility Montreal Edmonton West Pentone provide cost effective solution field petrochemical mining transportation food processing range product expert service sanitary term demonstrate company seriousness approach extent know inorganic chemical manufacturing chemicals cleaners for planned shutdowns chemical manufacturing services manufacturing degassing decontamination special chemicals research and development iso certification chemical plants digital printing specialties cleaning solutions for supermarkets cleanings for oil and agribusiness industry water treatment chemistries ecofriendly cleaning cleaning  disinfecting drilling services specialty chemicals for agriculture manufacturing cleaning equipment  supplies polish and other sanitation good manufacturing,"['food processing services', 'building cleaning services', 'corporate responsibility services']","['chemical manufacturing', 'building cleaning services', 'water treatment services']"
Blue Marine Cleaning company specialize naval sanitation service boat ship Alpes Maritimes region France offer cleaning service fuel tank black grey water tank fresh water tank tank oily water tank company collect transport hazardous waste dirty oil oily black grey water engine coolant filter absorbent clothe glove absorbent cloth authorize center provide regular maintenance freshwater tank preserve quality fresh water board ensure safety user Blue Marine Cleaners specialize fuel centrifugation filtration diesel analysis supply diesel fuel marine vessel naval sanitation services used filters water treatment and pumping services filtrationcentrifugationtreatment of fuel cleaning of all onboard reservoirs diesel diagnostics services environmentalfriendly waste treatment and recovery systems used clothing collection and disposal fuel tank cleaning services unblocking pipelines collection and transport of used filtering used chiffons cleaning service used filters collection and transportation clean machine bay cleaning marine pollution emergencies used absorbents collection services used oil absorbent clothing debris removal pipeline cleaning and unclog services centrifuge and filtration services services garbage collection  waste disposal all other miscellaneous waste management services,"['waste management services', 'corporate responsibility services', 'stakeholder services']","['waste management services', 'water treatment services']"
Metro Engineering Industries prominent company specialize manufacturing exporting material handling equipment commercial industrial purpose know precision engineer product develop complete competence material handling equipment manufacturer exporting manufacturing precision engineering wholesale heavy construction equipment construction and mining except oil well machinery and equipment merchant wholesalers,['industrial machinery installation'],['industrial machinery installation']
Anastasia Knight popular adult entertainment star Florida entertainment industry 2017 know ability manage size cock constantly try new technique provide high quality performance Anastasia headline world entertainment upset norm old actress set bubbly outgoing personality strong desire succeed industry media and entertainment training sessions personal and professional growth services video and audio production motion picture and video distribution,"['training services', 'media production services', 'rendering services']",['media production services']
Liuzhou Shuangxu Trading Co Ltd appliance store locate Liuzhou Guangxi China electric housewares electronics retailer and wholesaler home appliances retail appliance stores electronics and appliance retailers,"['residential electrical services', 'commercial electrical services']",['e-commerce services']
Fuseblower company focus food wine travel culture offer variety content relate topic include review book restaurant recommendation wine food experience company aim provide insight recommendation audience food and beverage services media and entertainment italian wines cultural insights and recommendations italian cuisine cultural travel wholesale wine shops  wineries wine and distilled alcoholic beverage merchant wholesalers,"['travel services', 'content creation services']","['content creation services', 'travel services']"
Kamei Toshin Co Ltd wholesaler food product market commercial use follow Kyushu sale logistic base Kumamoto Fukuoka Miyazaki Kagoshima Nagasaki Saga Oita company handle distribution food product 4000 place include supermarket restaurant school hospital 1100 food manufacturer merchant country Kamei Tosan deliver 30000 item daily supermarket yen  2 order food service market include school catering medical meal hospital canteen university company industrial catering seasonal feel creation storefront building support food infrastructure wholesale food products food ingredient arrangement recipes wholesale groceries general line grocery merchant wholesalers,"['rendering services', 'stakeholder services', 'food processing services']",['food processing services']
Fico Cabine Enfida company specialize provide high quality hand handkerchief 100 organic cotton fabric employee management software process management tools management software legal services services insurance  agents carriers  brokers pharmacy benefit management and other third party administration of insurance and pension funds,"['legal services', 'insurance services']","['textile manufacturing services', 'insurance services', 'legal services']"
HFR International Horse Transport global company specialize international horse transport air transportation 15 year experience schedule flight horse destination continent company prioritize horse organize aspect travel include arrange require blood test permit document professional flight attendance quarantine need HFR International extensive network experienced partner provide ground transportation CEM quarantaine layover founder owner Humberto involve detail barn barn transportation process ensure worry free experience client airport regular schedule flight major city world import and export quarantine services air transportation services ground transport flight scheduling services agent cooperation services professional inflight attendance documents and permits cem quarantine or layovers international horse transport services services trucking and logistics nonscheduled chartered freight air transportation,"['travel services', 'stakeholder services']","['project management services', 'consulting services']"
TransPack Systems company specialize export packaging offer comprehensive solution packaging product good efficient reliable cost effective manner company capable accommodate customer require packaging industrial product destine railway railway sea air transport present company solely focused package industrial product air and sea packaging supplierdistributor packaging and storage services wooden packaging manufacturer packaging baskets services trucking and logistics general freight trucking local,['rendering services'],['wood product manufacturing']
Ouchi de Ouchide official online store specialize provide cute delicious candy tea collaboration good company offer variety product cute picture know delicious treat business inquiries handling adorable candies tomb raider heavenly legend rock and blues café promotional activities order processing punisher cute slither online retail angel and devil vol1 tea products retail gift shops gift novelty and souvenir retailers,"['e-commerce services', 'rendering services']",['confectionery manufacturing']
company specialize international trade specifically import export product worldwide prioritize safe reliable logistic ensure smooth business process client supplier offer high quality printing consumable computer monitor notebook smartphone tablet hdd ssd accessory company provide renewable energy solution solar panel water power wind power generate necessary power cause damage planet international trade services computer products smartphone products personal use products renewable energy solutions logistics services highquality printer consumables export services tablet products monitor products wholesale electronical components retailer computer and computer peripheral equipment and software merchant wholesalers,"['printing services', 'accessory manufacturing', 'stakeholder services']",['business development services']
Woodway Garage Door Repair company base Woodway Washington specialize garage door repair service offer 247 emergency service team highly professional expert knowledge local street commitment customer satisfaction evident upfront competitive pricing quick response time attention detail provide site assessment consultation wide range service include garage door installation maintenance repair residential commercial industrial property team expert equip right tool come fully equip handle garage door challenge focus safety customer satisfaction Woodway Garage Doors Repair dedicate provide trust reliable garage door solution  services elevators  ramps  installation  service other building equipment contractors,"['well maintenance services', 'stakeholder services', 'advertising services']",['general handyman services']
Rapsay company specialize production young fun sustainable product product ethically manufacture include bag banana fiber fabric products coconut products glass bottles manufacturer tin products manufacturer wood products paper products sustainable manufacturing banana fiber products manufacturing paper  cardboard products paperboard mills,"['paper production services', 'wood product manufacturing']",['textile manufacturing services']
Ecosphere Organics alternative material company specialize transform organic waste high value raw material industry use AI technology optimize resource recovery material processing enable sustainable circular economy solution company collaborate waste manager biorefiner recycler drive eco friendly practice chemical plastic food service manufacturing sector platform transform waste stream valuable product input foster circular economy partnership create closed loop system sustainable future Ecosphere Organives aim reduce greenhouse gas emission divert organic waste landfill resource recovery maximization production resources circular economy implementation organic waste transformation carbon footprint reduction transformed organic products environmental impact assessment and minimization biomaterials production seamless material management integration biorefining process material optimization services smart supply chain alternative materials company advanced ai technology comprehensive product platform datadriven insights ecofriendly practices circular economy solutions highquality raw materials datadriven innovation cuttingedge processing techniques sustainable end products services garbage collection  waste disposal other nonhazardous waste treatment and disposal,"['non-profit management', 'stakeholder services', 'seo services']","['waste management services', 'recycling services']"
feilixin chinese company specialize design research development manufacturing engineering contracting high level waste water treatment equipment electrolysis equipment membrane separation filtration system offer wide range product include high grade wastewater treatment equipment electrolyzer reverse osmosis RO equipment purification water equipment EDI high purity water equipment feilix leader water treatment membrane separation industry establishment complete numerous scientific research project high quality engineering project company commit provide high value product service customer strong focus customer satisfaction installation services ultrafiltration systems manufacturer soft water manufacturer manufacturing highpressure water treatment equipment manufacturer research and development reverse osmosis systems manufacturer fiberglass water treatment equipment manufacturing water supply  water treatment sewage treatment facilities,"['water treatment services', 'waste management services', 'stakeholder services']",['water treatment services']
Trademark Homes Center mobile home dealer locate Monticello offer variety home build Destiny Home Builders home build pride attention detail feature standard upgrade option Energy Star Rating 8 ceiling expose beam stainless appliance build microwave 8 ft ceiling offer range model include Providence Champion Boujee XL Maddux unique feature option company pride provide excellent customer service assistance home buying process mobile home dealership providence by destiny home builders stainless steel appliances 2bedroom 2bath porch model home real estate services boujee xl4 bed 3 bath home of champions manufactured home dealership retail motor homes trailers  rvs  dealers  rentals manufactured mobile home dealers,"['mobile home construction services', 'stakeholder services', 'rendering services']","['mobile home construction services', 'real estate services']"
company low cost airline aim provide well travel experience affordable travel options travel services air transportation services lowcost airline services travel booking platform services airline companies other nonscheduled air transportation,"['travel services', 'rendering services']",['travel services']
MR Engineering lead provider high precision machine metal plastic part specialize Davenport screw machining cnc turning CNC milling 48 year machining experience expertise tackle difficult technical challenge CNC Lathe CMC Swiss CMM Mill Multispindle Davenports machine partner customer extension supply chain manufacture high precision machine part provide assembly kitting special packaging stock dock vendor manage inventory program MR machining approach involve build future deliver speed precision solid partnership Nadcap special processor deliver quote shipment 30 90 day as9100 rev d certified engineering iso 9001 certification plastic products manufacturing packaging services dock to stock programs customized packaging solutions screw machine products iso90012015 certified assembly services high precision machined metal components aerospace and defense vendor managed inventories kitting services screw machining services inventory management multispindle davenport machines justintime programs dock to stock supplier services vendor management inventory services itar compliant precision cnc machined parts manufacturer manufacturing machinery parts manufacturer precision turned product manufacturing,"['plastic manufacturing', 'stakeholder services', 'non-profit management']",['industrial machinery installation']
AI Bhagwati Services company provide powder coat service Shalimar Bagh main function offer powder coat solution client area manufacturing powder coating services manufacturing metal plating polishing  coloring metal coating engraving except jewelry and silverware and allied services to manufacturers,['rendering services'],['metal coating & engraving services']
Poi Dance company offer individual lesson taster course beginner continuous class Poi dance originate New Zealand Poi vibrate device consist chain string weight end come version glow poi kiwido practice poid firepois poie swing body music pair varied track promote coordination skill concentration ability rhythm sense company aim promote fun enjoyable dance experience short taster courses rhythm sense improvement concentration capacity continuous classes dance movements and coordination skills individual lessons fire and light shows education dance schools fine arts schools,"['training services', 'arts services', 'rendering services']",['fine arts schools']
Kube Systems company specialize designing manufacture innovative charging solution hospitality industry product include wireless drop charge device high speed portable charging charge smartphone tablet camera wearable technology AC output laptop offer tailor solution hotel guest mobile device charge property Kube Systems provide affordable upgradeable compact multi device charger fit budget charge solution type hotel hardware upgradeable replaceable allow hotel stay ahead global charging standard Kubesystems win award wireless charge solution product design exceed guest expectation tailormade solutions for hospitality industry wearable technology inroom charging amenities solution design hospitality equipment manufacturing kube essentials ac output for laptops highspeed charging unprecedented charging convenience brand loyalty kubes 5 portable wireless charging solutions for hospitality charging of all smartphones tablets cameras alarm clocks qi wireless charging pads manufacturing electronics stores other communications equipment manufacturing,"['accessory manufacturing', 'stakeholder services', 'business development services']",['electronics manufacturing']
AgroLobob family own company year experience agriculture industry constantly work progress evolve late technology provide innovative solution monitoring protect crop flagship product bob agricultural smartwatch allow user track control growth harvest million fruit vegetable bob equip sensor monitor quality quantity produce AgroLog system provide real time datum crop production yield AgroLub aim create international version bob platform regardless location believe increase global population decrease biomass world food supply lead future food war crop monitoring  protection solutions cattle monitoring  defense services smart farming solutions advanced technology for crop monitoring agricultural technology solutions calf monitoring  defence systems manufacturing farms  agriculture production crop harvesting primarily by machine,['rendering services'],"['agriculture technology services', 'smart farming solutions']"
Rum multipurpose website CMS offer range service include business presentation corporate website construction website organization solution ecommerce job broadband internet service provider isp wifi business portfolio resume CV etc design easy customize compatible desktop laptop mobile major browser company main goal market product jordanian debtor unable enter local market establish marketing mechanism handmade product handmade food product Rum aim help debtor pay debt secure material income achieve family stability textile products multipurpose websites website customization services chocolate products healthy seed products wheat flour job listings broadband services oil products internet services provider virgin olive oil cv etc resume creation it solutions handmade food marketing mechanisms clay pottery organic products mosaic products business wifi medium to largesized plates pickles products coffee cups portfolio management magnetic shapes soap gift boxes manufacturing edible oils manufacturing  distribution soybean and other oilseed processing,"['online marketing services', 'e-commerce services', 'marketing services']","['it services', 'website development services', 'handmade product retailers']"
Shaji Farm cattle farm locate Palanpur Gujarat India 112  cattle feedlots industry agriculture wholesale livestock  animal raising livestock merchant wholesalers,"['rendering services', 'livestock dealer services', 'animal feed manufacturing']",['livestock production']
VADO Commodities Group physical commodity supplier offer integrate supply solution product geography subsidiary VADO Group investment group operate financial service real estate development software development mining venture capital investment integrated supply commodities supplier energyefficient products supplier mining nonmetallic minerals supplier services agricultural products suppliers financial services robust supply chain venture capital investment group real estate development software development manufacturing minerals earths  ores iron ore mining,"['financial services', 'business development services']","['mining and commodities trading', 'financial services', 'agricultural product distribution']"
Attic N Reality sro real estate agency locate Praha 5 Czech Republic company specialize real estate service property sale purchase rental development project residential real estate offer legal service include collaboration mortgage bank option apply loan mortgage property agency place great importance transparency sale process professionalism real estate agent employee additionally Attic r reality s Form N Ingenieriering involve realty development project real estate services legal services property acquisition brokerage services property management services tax declaration processing project development real estate sales and rentals residential properties services real estate  agents  managers offices of real estate agents and brokers,"['real estate services', 'legal services', 'rendering services']","['real estate services', 'legal services']"
Petlas Tyres tire manufacture company offer wide range tire driving condition provide summer winter tire different type vehicle include car suv 4x4s Petlas offer tire finder tool allow customer search tire base vehicle model provide information tire tread compound company offer variety tire brand include Ako Akocm Ako CRM tire portal dealer sell product 4x4 suv tires tyre manufacturer pro green pt525 multi action pt565 snow master w601 elegant pt311 manufacturing breaks wheels  tire dealers tire manufacturing except retreading,"['rubber manufacturing', 'travel services', 'accessory manufacturing']",['tire manufacturing']
Diagnos 360 company dedicate precision medicine offer personalize treatment patient complex disease short possible time mission provide high quality process management solution patient affect complex disease coordinate excellent technical technological equipment worldwide specialize interventional oncology exciting fast grow area innovation cancer care Diagnos 360 offer new approach oncología intervencionista minimally invasive clinical specialty serve patient option provide chance prolong life maintain quality life offer rapid effective response patient complicated disease start diagnosis dimension continue multimodal treatment multimodal therapy coordination of technical and technological actions assistance in managing the treatment process precision medicine pathological anatomy rapid and focused responses personalized cancer treatment molecular biology medical imaging international second opinions medical clinic specializing in minimally invasive hormone replacement therapy services radiology clinic diagnostic imaging centers,"['corporate responsibility services', 'rendering services', 'advertising services']","['medical diagnostic services', 'precision medicine services']"
Sapi Bali Bojong Kulur cattle farm locate Gunung Putri West Java Indonesia agriculture cattle feedlot operations wholesale livestock  animal raising livestock merchant wholesalers,"['livestock dealer services', 'marketing services', 'animal feed manufacturing']",['livestock production']
specialize provide comprehensive service garden technology comprehensive service for garden technology comprehensive service provider retail services welding services other foundation structure and building exterior contractors,"['gardening services', 'welding services', 'landscaping services']","['retail services', 'welding services']"
Cacau Rô Vieira Chocolate Artisan company specialize artisanal chocolate product offer variety chocolate item order online delivery artisanal chocolate production manufacturing bakeries  desserts confectionery manufacturing from purchased chocolate,"['confectionery manufacturing', 'e-commerce services', 'rendering services']","['desserts, confectionery and nut retailers', 'confectionery manufacturing']"
Digi Tech Solution online portal provide information tip Nuclear Technology Education Technology Space Technology company aim stop blog technology relate information cover topic impact space technology science scientist investigation room relate environmental element development China hand starter aircraft carrier space information technology services information technology blogging manufacturing aircraft parts  services guided missile and space vehicle manufacturing,"['rendering services', 'content creation services']","['information technology services', 'aerospace and defense']"
Shanghai Yijian Intelligent Technology Co Ltd high tech enterprise specialize provide industrial grade 3d print application solution company base Shanghai China affiliate Chinese Academy Sciences 3d printing museum core concept meet user need focus application value systematic integration domestic international technology resource 3d printer design research development operation offer integrate development platform 3 d printing app provide user systemic 3 printing solution include 3d printer process material print service fast molding headquarters company locate Shanghai Baoshan Intelligent Bay Museum 3D Printing 3d printing solutions for various industries materials and processes rapid prototyping design research and development application development platform manufacturing industrial machinery  supplies all other industrial machinery manufacturing,"['printing services', 'seo services', 'stakeholder services']","['3d printing services', 'industrial machinery manufacturing']"
Mia R Kelly multimedia content creator base Los Angeles California specialize video produce video editing cinematography Mia work explore transnational identity human condition passionate create viral internet video social medium video platform work video editor Crooked Media YouTube page edit daily episode popular show like Pod save World Hysteria Lovett leave day Mia work creative lead ATTN original series need Embrace Afford life conceptualize market video execute pre production production post production duty video producer production assistant social medium intern Mia proficient Adobe Premiere Pro Adobe Photoshop Adobe Effects Final Cut Pro Microsoft Office Suite social media content creation media production services preproduction services social media video production media content creation services services video and audio production motion picture and video distribution,"['content creation services', 'media production services', 'social media services']","['media and entertainment', 'video and audio production']"
Alan King Group global brand group specialize apparel manufacturing private label service brand aking clothing manufacturing streamline process from manufacturing to marketing specialized quality control private label manufacturing garments made to customer specifications shoes handcut and sewn garments hangtags packaging denim zippers hats and jewelry marketing consulting expedited apparel production pipeline manufacturing clothing stores cut and sew apparel contractors,"['apparel manufacturing', 'branding services', 'quality assurance services']","['apparel manufacturing', 'private label manufacturing']"
Maderas Murga family own forestry sawmill company operation generation company specialize transformation pine wood know Insignis pine panel plank quality size Maderas Murry source raw material sustainable forest focus Radiata Pine proximity factory allow great control woodland pine wood for sawmilling woodenamel production woodworking cost estimation sawmill company panel production control of highgrade raw materials panel deck manufacturing wooden products manufacturing sustainable forest sourcing manufacturing wood building material stores sawmills,"['wood product manufacturing', 'corporate responsibility services', 'furniture manufacturing']","['wood product manufacturing', 'sawmills', 'sustainable forestry']"
Supeer Buy UE company offer wide range product category kitchen pet fashion beauty health fishing camping provide variety item include camera smartwatche laptop holder sneaker fitness equipment knee pad tennis shoe customer sign early sale access receive tailor new arrival trend promotion company offer coupon competitive price ultra smart watch kneepad releathertennis shoe knee pads exercise equipments fit products womens running shoes retailing braces summer shoes retail buyback shops warehouse clubs and supercenters,"['seo services', 'rendering services']","['retail services', 'warehouse clubs and supercenters']"
Fertilab BV young dynamic agricultural independent laboratory locate Dronten specialize soil plant matter water fertilizer analysis laboratory equip modern equipment believe principle measurement develop method Fertilyse soil analysis meet plant available nutrient Fertillab use prove natural chemical analysis method plant matter fertilizer team consist experienced customer orient laboratory employee open meet client need water analysis agriculture fertilizer application agricultural laboratory services plant material analysis soil analysis services environmental engineering services testing laboratories and services,"['laboratory services', 'soil nutrient application services', 'testing and inspection services']","['agricultural laboratory services', 'environmental testing services']"
GVG Glasfaserfaser GmbH german company specialize production high quality fiberglass product company place strong emphasis importance train employee establish academy GVG Akademie education training program academy offer range course training opportunity interested pursue career fiberglass industry academy learn material currently publicly accessible staffing services services glaziers  glass products glass and glazing contractors,['training services'],"['glass and glazing contractors', 'staffing services']"
Prima Rosa Studio company specialize create content project experience promote socially ethically aware innovation use emerge technology produce sound music immersive project promote awareness environmental issue improve wellbee current project include Music Wellbeing project use music enhance possibility create inner calm Climate Music collaborative project sonifie climate datum highlight global change environmental condition innovation studio climate change music immersion projects health and wellbeing improvement environmental awareness promotion immersive audiovisual projects music wellbeing project audio production services audiovisual experiences services art  music publishers other sound recording industries,"['content creation services', 'media production services', 'seo services']","['media and entertainment', 'sound recording and music publishing', 'environmental awareness projects']"
Shohola Ship Shop company provide packing shipping service item offer creative solution difficult package item drop location FedEx UPS Post Office label package company offer private mailbox digital fingerprinting service service point identogo Ship Shop provide notary service appointment secure location mail package available assist packing shipping need packing services notary services private mailbox passport photo services fingerprinting services wide format poster printing services postal service local messengers and local delivery,"['rendering services', 'seo services', 'corporate responsibility services']","['postal services', 'notary services', 'local messengers and local delivery']"
Zahradnipitko company operate e shop offer variety product sale accept online payment gardening supplies wholesale handmade  crafts marketplace other miscellaneous nondurable goods merchant wholesalers,"['gardening services', 'e-commerce services', 'arts services']","['gardening supplies', 'handmade goods marketplace', 'miscellaneous nondurable goods wholesalers']"
secure Key Supply company specialize provide key blank locksmith supply locksmith tool commercial locksmith business individual offer range product include key fobs lock related item company know provide quality key affordable price ford fiesta 4button remote head key key blanks supplier retail ford f150 5button smart key honda acura transponder key key blanks for commercial locksmiths wholesale hardware stores hardware merchant wholesalers,['rendering services'],"['hardware merchant wholesalers', 'locksmith supplies']"
company online platform provide free black white video view offer variety video different purpose include child child entertainment child youth child disability child age child clothing offer video team uniform photo dress embroidery additionally company provide platform business view black grey video online coloring products manufacturing fabricbased home goods textile and fabric finishing mills,"[""children's clothing manufacturing""]","['textile and fabric finishing mills', 'fabric-based goods manufacturing', 'children’s entertainment media']"
Jiangsu Jiansi Education Technology Co Ltd chinese company operate industry include furniture manufacturing composite material decoration insurance metal mining musical instrument electronic gift engineering contracting toy plastic building material company approve project accord law authorize start operation related sector Jiangsu Jianci Education Technology locate central region China subsidiary Ministry Industry Commerce responsible promote business reform improve country industrial structure corporation aim increase core competitiveness strengthen partnership industry professional expand market presence domestically internationally  manufacturing custom furniture custom architectural woodwork and millwork manufacturing,"['furniture manufacturing', 'wood product manufacturing', 'plastic manufacturing']","['custom furniture manufacturing', 'architectural woodwork', 'miscellaneous manufacturing']"
Gilgal Power Systems Ltd establish company extensive experience field power system specialize designing manufacturing product industrial military aerospace application include rugged power supply input circuit protection circuit product base modular concept allow multiple combination wide range input output voltage current Gilgial offer custom power product match customer application promise quick response inquiry product range focus military industrial automotive market offer comprehensive range standard product input power protection seal military power adaptor 3u power supply 250w rugged military PS 60W GIAL Power Systems commit quality assurance operate compliance Iso9001 specialize electronic assembly IPC A610F Class III iso 9001 certification military power supplies manufacturer active filters manufacturer circuit protection manufacturer customized power electronics products manufacturer power system design and manufacturing manufacturing electric supplies  power generation all other miscellaneous electrical equipment and component manufacturing,"['quality assurance services', 'stakeholder services']","['electrical equipment manufacturing', 'military power supplies', 'customized power electronics']"
Radio Baranja croatian radio station provide news information listener station cover range topic include politic economy sport culture music list report current event activity Baranje region construction cultural center Belom Manastiru opening new parking lot Belog Manastira additionally Radio Baranija provide update late development region include construction development new parking facility expansion tourism activity top 10 lists marketing analysis information boxes culture analysis political analysis sports analysis music analysis live services investment opportunities in europe media and publishing services radio networks  stations radio broadcasting stations,"['content creation services', 'rendering services', 'marketing services']","['media and publishing services', 'radio broadcasting stations']"
NanChang Ruiwor Technology Co Ltd know RuiWor Group company specialize design production anti theft display product insurance equipment electronic product shelf billboard display board product widely store China Mobile China Unicom China Telecom Nokia Lenovo SONY Apple specialty store trademark clothing shop glass multiple shop Su Ning GOME Walmart company focus retractable security tether 11 year offer range product include security cable cable lock retractable coil cord badge reel cable retractor retractable solution offer cable end accessory cable grip pull reel key chain manufacturer cute retractable badge holder retractable cables design and production double loop security cable manufacturer cable locks retail security pull box remote control security cable customization options for security cable heavy duty badge reels insurance equipment antitheft display products anti lost recoiler retraction coil cords retractables key ring heavy duty wall shelves manufacturing cables  wires currentcarrying wiring device manufacturing,"['accessory manufacturing', 'stakeholder services', 'insurance services']","['cables and wiring device manufacturing', 'retail security solutions', 'anti-theft display equipment']"
Purmuesli german company produce organic muesli high quality raw material add sugar additive mueslis palm oil palm fat soy test bio quality offer variety flavor include blueberry crunchy cocoa remorse sour cherry mango cocoa crunchy oat purmuesly provide freeze dry fruit strawberry apple raspberry blueberry company pride organic product avoid additive include consider harmful purlmuesali aim provide healthy delicious alternative traditional mueslic focus natural nutrient flavor organic food production organic muesli without added sugar b2b sales organic raw materials natural proteins food manufacturing freeze dried fruits organic apple cubes dried 100g muesli manufacturer production nonsweetened cereals manufacturing snack foods breakfast cereal manufacturing,['health promotion services'],"['breakfast cereal manufacturing', 'organic food production', 'freeze-dried fruit manufacturing']"
Drew Farm farm locate Westford Massachusetts United States apple products pumpkin products agricultural production apple cider donuts apple orchard cider production other noncitrus fruit farming services pumpkin cultivation agricultural products and services pumpkin patch gourd products manufacturing tree farms other noncitrus fruit farming,"['rendering services', 'non-profit management']","['other noncitrus fruit farming', 'pumpkin cultivation', 'tree farms']"
know Malteser Auftragsportal company provide platform business process order food delivery services online ordering platform userfriendly interface passwordprotected platform services painting plastering  wall covering painting and wall covering contractors,"['painting services', 'food processing services']","['painting and wall covering contractors', 'food delivery services', 'online ordering platforms']"
Techno Solutions mechanical design studio specialize provide technical engineering service party offer support company industrial sector ensure professionalism confidentiality high quality industry service include 2D 3d design development machinery production line prototype equipment industrial plant machine special automatic machine provide outsourcing service develop project study transposition of drawings services studies or projects outsourcing rolling mills heavy machinery networked computers 3d design services mechanical design studio technical services machinery services services other engineering services engineering services,"['millwork services', 'business development services', 'technology consulting']","['engineering services', 'mechanical design services', 'industrial machinery services']"
Uretek company specialize provide advanced solution ground consolidation foundation develop polymer call Uretek polymer derive mixture component undergo chemical reaction allow pass liquid solid second volume increase 30 time reach expansion pressure 10000 kPa ecoclay company offer novel coating wall panelling natural clay additive provide benefit humidity regulation high thermal inertia improve odour absorption sound insulation V3Solar develop new technology production photovoltaic energy reduce cost improve efficiency highdensity resin injection soil consolidation services solar capture improvement solar energy production systems construction materials manufacturing additivefree natural rubber coating manufacturing ready mix concrete supplier all other miscellaneous nonmetallic mineral product manufacturing,"['rubber manufacturing', 'chemical manufacturing', 'insulation services']","['soil consolidation services', 'solar energy production systems', 'construction materials manufacturing']"
company marketing organization specialize provide coating ink supply graphic industry offer range product include heat stamp tape varnish ink polychrome quick profiprint pantone basic prepare shade color sample sample meet specific preference customer color preparation services mark2 graphic supplies calibrated paper antiscratcher powders chemical sourcing solutions specialty inks and coatings manufacturer marketing varnishes on impression cleaning rollers heat stamping tapes manufacturing paints coatings dyes  pigments printing ink manufacturing,"['marketing services', 'ink production services', 'graphic design services']","['printing ink manufacturing', 'specialty inks and coatings', 'graphic supplies']"
trader team company specialize provide service relate trading offer range product service field online education blogging platform educational courses educational services live classes education driving schools automobile driving schools,['training services'],"['educational services', 'online education platforms', 'automobile driving schools']"
fungimama company specialize cultivation distribution Limburgse mushroom company run Wim Govaerts Annelies Hermans Katrien Colson help Gerarda Lamerichs support Genk surround area Fungimamas continue experiment fruiting chamber humidifier enthuse method raw material bring mushroom public team find new specie Pleurotus eryngii King Oyster Mushroom specimen weigh 100 gram oyster mushroom fruiting chambers raw materials mushroom cultivation humidification entomology methods manufacturing farms  agriculture production other food crops grown under cover,"['rendering services', 'non-profit management', 'stakeholder services']","['mushroom cultivation', 'agriculture production', 'farms']"
南宫28 chinese company specialize production sale diesel generator set include Manl1624 pc2 56 Manl3240 dk20 series offer emergency diesel generator unit LOT75 emergency diesel engine group company know stable operation high quality product online gaming platform star products online application development pc256 series diesel engines dk20 series online entertainment strategic spare parts line maintenance services manufacturing engines turbine and turbine generator set units manufacturing,['well maintenance services'],"['engine and generator manufacturing', 'online gaming platforms', 'online application development']"
Crosslink Powder Coating company specialize powder coat service variety application establish 2001 goal provide good value powder coating contribute client success offer stop shop stripping powder coating include old coating rust oxidization powder coating services metal coating and engraving striping services rust removal services manufacturing metal plating polishing  coloring metal coating engraving except jewelry and silverware and allied services to manufacturers,"['well maintenance services', 'rendering services']","['metal coating and engraving', 'powder coating services', 'rust removal services']"
Frannie Tours Charter Bus company operate New York area 30 year offer transportation service customer travel location include Penn Dutch Atlantic City company pride provide comfortable worry free experience customer focus ensure comfort transportation services charter bus dot approved icc approved services buses shuttles  local transit charter bus industry,"['travel services', 'rendering services', 'seo services']","['charter bus industry', 'transportation services', 'shuttles and buses']"
Cafe Vögele traditional bakery craft business locate Schwabmünchen Germany company found Alexander Münch history baking industry offer breakfast 8 11 café employment opportunities food and bakery businesses food and beverage food production retail manufacturing bakeries  desserts commercial bakeries,"['rendering services', 'bakery production services']","['commercial bakeries', 'food and bakery businesses', 'food production']"
Ravi Agrawal medical professional specialize nephrology internal medicine base Easton Pennsylvania United States  services nephrology clinic kidney dialysis centers,['rendering services'],"['nephrology clinic', 'kidney dialysis centers', 'medical services']"
Harris Tobias physical commodity trader found 1900 provide source supply transportation service food manufacturer animal feed business bio energy operator UK Europe sourcing and transportation services physical commodities trading transportation services supply services wholesale renewable energy companies other electric power generation,"['animal feed manufacturing', 'rendering services', 'pet food manufacturing']","['physical commodities trading', 'transportation services', 'wholesale renewable energy companies']"
PATAGONIA Chapa Y Pintura auto body shop locate Comodoro Rivadavia Chubut Province Argentina company specialize provide auto body repair service automotive body repair services interior repair services services auto body shops automotive body paint and interior repair and maintenance,"['painting services', 'seo services']","['auto body shops', 'automotive body paint and interior repair and maintenance', 'automotive body repair services']"
AGENZIA onoranze FUNEBRI LA GRAZIA funeral home locate Comiso Sicily Italy funeral service funeral arrangements cremation services free ambulance services modern fleet of vehicles transportation services burial ceremonies services funeral services  cemeteries funeral homes and funeral services,"['rendering services', 'stakeholder services']","['funeral homes and funeral services', 'burial ceremonies services', 'cremation services']"
ANSARI TYRE tire shop locate Muzaffarpur Bihar India establishment offer store shopping delivery service equip wheelchair accessible entrance parking recycle facility available shop accept cash mobile payment instore shopping recycling facility vehicle accesswheelchair entrances tire dealers mobile payment solutions retail breaks wheels  tire dealers tire dealers,"['recycling services', 'community engagement services', 'corporate responsibility services']","['tire dealers', 'retail brakes wheels & tire dealers', 'recycling facility']"
Elazığ 1 High Security Prison correctional institution locate Elazıg Turkey high security prison city operate Ministry Justice oversee Constitutional Court Supreme Court Council Judges Prosecutors Dispute Court institution Forensic Institute Turkey Academy Justice Ministry Finance manage financial operation institution correctional services highsecurity prison forensic institution constitutional court funding for former prisoners ejustice citizenship application money investment operations healthcare services visitor building council of judges and prosecutors hajj license ceremony social psychology services highsecurity institution educational services dispute court government courthouses correctional institutions,"['rendering services', 'stakeholder services', 'legal services']","['correctional institutions', 'courthouses', 'educational services']"
Welter family own business specialize high quality roofing solution terrace carport winter garden offer range product include glass cube style terrace roof integrated rain gutter roofing exist wood beam glass roof durable aluminum weather resistant long lasting offer custom double glaze roofing panel high quality expand appropriate accessory window slide door triangle shape door addition roofing provide slide system panel related component Welter Cube Terrassendach new addition product line side elements winter gardens manufacturer fences manufacturer manufacturing glass roofs manufacturer glazing panels manufacturer cube roof retail carports manufacturer shading systems manufacturer production glass doors manufacturer sliding systems manufacturing metal roofing prefabricated metal building and component manufacturing,"['gardening services', 'accessory manufacturing', 'well maintenance services']","['manufacturing glass roofs', 'prefabricated metal building and component manufacturing', 'sliding systems manufacturing']"
think Earth company focus provide information resource relate mesothelioma sarcoma type skin cancer develop sarcomatoid cell locate pleura lining lung offer information different type mesothelial cancer include pleural mesotheoma peritoneal mesotheremia pericardial mesothetioma company provide tip find rental apartment suit need include identify need research available option emphasize importance research option base basic feature look apartment rental apartments for mesothelial patients information and resource provider asbestosrelated legal services mesothelioma sarcoma information and resources services environmental engineering services engineering services,"['stakeholder services', 'health promotion services', 'rendering services']","['mesothelioma sarcoma information and resources', 'environmental engineering services', 'asbestos-related legal services']"
Angel Ramirez individual categorize investment service base Zapopan Jalisco Mexico guadalajara real estate services highrisk and highperformance opportunities leasing services business financing solutions investment management services personalized and tailored services miscellaneous intermediation mortgage services credit history services financial advisory services independent advice services mortgage brokers real estate credit,"['real estate services', 'financial services', 'property management services']","['financial advisory services', 'investment management services', 'mortgage brokers']"
Pop Art Studio company specialize transform vintage retro photo cool vintage colorful image style pop art offer beautiful animation old picture provide desktop wallpaper image Windows 10 vintage photo transformation pop art windows 10 beautiful animations of old pictures calling you music desktop wallpaper services photographers  photographic studios photofinishing laboratories except onehour,['arts services'],"['photofinishing laboratories except one-hour', 'photographers & photographic studios', 'desktop wallpaper services']"
Boyd Gate Repair company base Boyd Texas specialize provide gate repair service offer wide range service include residential electric automatic swing gate repair gate installation cleaning team skilled professional extensive experience repair type gate offer tailor solution meet specific need client conduct thorough inspection provide reliable service ensure peace mind satisfaction 247 availability fast response time Boyd Gate Repair guarantee time service appointment affordable pricing commit deliver high quality gate repair ensure safety satisfaction customer gate opener installation 247 emergency services prompt and professional assistance thorough and detailed inspections security services services elevators  ramps  installation  service other building equipment contractors,"['residential electrical services', 'multi-family construction services', 'testing and inspection services']","['other building equipment contractors', 'security services', 'gate opener installation']"
Květinářství small flower shop specialize cut flower offer variety seasonal flower indoor outdoor use home decor company pride passion flower aim provide customer beautiful fresh flower addition selection flower offer flower arrangement special occasion Mother Day floral arrangement services floral arrangements for gardens gift items retail seasonal flower arrangements wholesale florists flower nursery stock and florists supplies merchant wholesalers,"['rendering services', 'seo services', 'stakeholder services']","['retail seasonal flower arrangements', 'floral arrangement services', 'wholesale florists']"
MaxBalk quality conscious armored vehicle manufacturer specialize design engineering prototyping manufacturing armored commercial tactical vehicle armored component ballistic glass framing system offer range armored vehicle include design demand feature pneumatic protection opaque clear armor runflat extreme condition lightweight armor gun port protection stone pelting MaxBalk mission design develop armored vehicle security cabin meet client requirement vision provide state art technology suitable finish product meet exceed expectation offer armored SUVs pickup body armor jacket plate meet NIJ standard lightweight armor design  development personal protection ballistic glass and framing systems design and engineering framing plans bullion and cash transfer vehicles tactical vehicles gun ports armor portacabins manufacturermanufacturerassembling design engineering prototyping and manufacturing security cabin body armor jackets with plates design services prototyped products beautiful interiors specialized breaking and suspension systems security cabins manufacturer security systems integrator watch towers manufacturerassemblemanufacturing armored vehicle design tactical operations manufacturing electronical components manufacturing military armored vehicle tank and tank component manufacturing,"['cabinetry manufacturing', 'well maintenance services', 'arts services']","['manufacturing military armored vehicle', 'armored vehicle design', 'security systems integrator']"
Yangjiang Wintools ScienceTechnology Co Ltd professional manufacturer establish 2018 specialize production outdoor camping tool tactical pen fold knife multi functional shovel axis survival kit related item modern plant equip advanced production line include CNC machine center CNC lathe milling complex axis milling machine company monthly production capacity 100000 piece know superior quality product popular customer worldwide company commit provide quality product prompt delivery professional service offer wide range product model package design cater wholesaler large retailer renowned brand company outdoor tools manufacturer exporting fire starters manufacturer camping knives manufacturer axe manufacturer tactical pens manufacturer tactical shovel manufacturer flash lights manufacturer manufacturing hardware stores saw blade and handtool manufacturing,"['accessory manufacturing', 'fire safety equipment services', 'stakeholder services']","['saw blade and handtool manufacturing', 'camping knives manufacturer', 'tactical shovel manufacturer']"
Barber Storage Yucca Valley storage facility locate Fairfield California United States storage facilities storage solutions wheelchair accessible entrance services warehousing  storage freight transportation arrangement,['rendering services'],"['warehousing & storage', 'storage facilities', 'freight transportation arrangement']"
Total EP Angola online store base Luanda Angola offer complete range product service relate oil gas exploration production EP ecommerce platform services development personalized advertising and content measurement online retail audience research and services development manufacturing oil  gas  extraction  distribution drilling oil and gas wells,"['e-commerce services', 'gas manufacturing services', 'online marketing services']","['oil and gas wells drilling', 'online retail', 'oil & gas exploration and production services']"
Tomas direct manufacturer cabinet furniture locate St Petersburg Pushkin Len region specialize produce cabinet furniture commercial surcharge short time advantage lie location territory large furniture production warehouse contain laminated Plywood material fitting allow quick production cabinet furnishing offer variety modern material create comfortable area apartment cottage include cupboard shelf bed set custom furniture accord customer drawing use time test material lead manufacturer Egger Kronospan Szeksna late type fitting achieve modern furniture different configuration functionality Tomas modern woodworke machine good partnership material supplier affect delivery time order kitchen design and installation services installation services kitchen and bathroom design custommade wardrobes design  manufacturing custommade furniture manufacturing custommade kitchens manufacturing furniture stores upholstered household furniture manufacturing,"['furniture manufacturing', 'wood product manufacturing', 'cabinetry manufacturing']","['custom-made furniture manufacturing', 'kitchen and bathroom design', 'furniture stores']"
Virtual Ease company offer range service help streamline daily task business team experienced executive virtual assistant provide assistance scheduling appointment manage email phone call run errand offer email management datum entry customer admin support project management service company pride excellent communication skill attention detail virtual assistant services data entry services admin  customer support services project management services services security guards  patrol services office administrative services,"['project management services', 'rendering services']","['office administrative services', 'virtual assistant services', 'admin & customer support services']"
